str,ru_RU,uz_UZ,en_EN
skip,Пропустить,O‘tkazish,Skip
onboard1_title,Полная прозрачность транзакций,To‘liq shaffof tranzaksiyalar,Full transparency of transactions
onboard1_subtitle,Полная прозрачность транзакций,To‘liq shaffof tranzaksiyalar,Full transparency of transactions
onboard2_title,Надёжные партнёры,Ishonchli hamkorlar,Reliable partners
onboard2_subtitle,Сотрудничество с проверенными и доверенными компаниями,Tekshirilgan va ishonchli kompaniyalar bilan hamkorlik,Cooperation with verified and trusted companies
onboard3_title,Защита данных,Ma’lumotlarni himoyalash,Data protection
onboard3_subtitle,Надёжность и безопасность вашей информации,Ma’lumotlaringizning ishonchliligi va xavfsizligi,Reliability and security of your information
next_button,Далее,Keyingi,Next
back_button,Назад,Orqaga,Back
login_title,Авторизация,Avtorizatsiya,Authorization
login_subtitle,Войдите в свой аккаунт для продолжения работы,Hisobingizga kirish uchun login qiling,Log in to your account to continue
phone_hint,Номер телефона,Telefon raqami,Phone number
password_hint,Пароль,Parol,Password
forgot_password,Забыли пароль?,Parolni unutdingizmi?,Forgot password?
login_button,Войти,Kirish,Log in
no_account,У вас нет учетной записи?,Hisobingiz yo‘qmi?,Don’t have an account?
register,Зарегистрироваться,Ro‘yxatdan o‘tish,Sign up
reset_password_title,Восстановление пароля,Parolni tiklash,Password recovery
reset_password_subtitle,Введите зарегистрированный адрес электронной почты или номер телефона,Parolni tiklash uchun ro‘yxatdan o‘tgan telefon raqami yoki email kiriting,Enter your registered email or phone number to reset your password
email_or_phone_hint,Почта или номер телефона,Email yoki telefon raqami,Email or phone number
continue_button,Далее,Davom etish,Continue
verification_title,Верификация,Tasdiqlash,Verification
verification_subtitle,Мы отправили код подтверждения на,Tasdiqlash kodi yuborildi,We have sent a verification code to
verify_button,Подтвердить,Tasdiqlash,Verify
resend_code,Отправить повторно,Qaytadan yuborish,Resend code
new_password_title,Новый пароль,Yangi parol,New password
new_password_subtitle,Пароль должен быть длиной не менее 8 символов,Parol kamida 8 ta belgidan iborat bo‘lishi kerak,Password must be at least 8 characters long
new_password_hint,Новый пароль,Yangi parol,New password
confirm_password_hint,Подтвердить пароль,Parolni tasdiqlang,Confirm password
save_button,Сохранить,Saqlash,Save
registration_title,Регистрация,Ro‘yxatdan o‘tish,Registration
registration_subtitle,Создайте аккаунт и получите полный доступ ко всем возможностям,Hisob yarating va barcha imkoniyatlarga to‘liq ega bo‘ling,Create an account and get full access to all features
full_name_hint,Введите Ф.И.О,F.I.Sh. ni kiriting,Enter full name
email_hint,Введите почту,Email kiriting,Enter email
phone_hint,Введите номер телефона,Telefon raqamini kiriting,Enter phone number
password_hint,Введите пароль,Parol kiriting,Enter password
confirm_password_hint,Подтвердите пароль,Parolni tasdiqlang,Confirm password
next_button,Далее,Davom etish,Next
already_have_account,У вас уже есть аккаунт?,Hisobingiz bormi?,Already have an account?
login_link,Войти,Kirish,Log in
filter_title,Фильтр,Filtr,Filter
price_label,Цена,Narx,Price
cargo_weight_label,Вес груза,Yuk og'irligi,Cargo Weight
truck_type_label,Тип грузовика,Yuk mashinasi turi,Truck Type
loading_type_label,Тип загрузки,Yuklash turi,Loading Type
loading_full_truck,Отдельной машиной,To'liq yuk mashinasi,Full Truck Load
loading_partial,Попутно,Qisman yuk,Partial Load
cargo_type_label,Тип груза,Yuk turi,Cargo Type
unloading_type_label,Тип разгрузки,Tushirish turi,Unloading Type
adr_label,ADR,ADR,ADR
select_adr,Выберите ADR,ADR tanlang,Select ADR
permissions_label,Разрешения,Ruxsatnomalar,Permits
tir_permit,ТИР,TIR,TIR
cmr_permit,СМР,CMR,CMR
map_view,Карта,Xarita,Map
types_label,Типы,Turlar,Types
absent_filter,Отсутв,Yo'q,Absent
presence_required,Присутствие действие,Mavjudligi talab qilinadi,Presence Required
trailer_count_label,Ремней,Tirkama soni,Trailer Count
clear_button,Очистить,Tozalash,Clear
apply_button,Применить,Qo'llash,Apply
welcome_message,Добро пожаловать,Xush kelibsiz,Welcome
search_start_button,Начать поиск,Qidiruvni boshlash,Start Search
hide_button,Убрать,Yashirish,Hide
average_price_route,Средняя цена по маршруту,O'rtacha narx yo'nalish bo'yicha,Average Price Per Route
looking_for_label,Я ищу,Qidiryapman,Searching
cargo_tab,Грузы,Yuklar,Cargo
filter_title,Фильтр,Filtr,Filter
price_label,Цена,Narx,Price
cargo_weight_label,Вес груза,Yuk og'irligi,Cargo Weight
truck_type_label,Тип грузовика,Yuk mashinasi turi,Truck Type
body_type_label,Тип кузова,Kuzov turi,Body Type
body_type_placeholder,Тип кузова,Kuzov turi,Body Type
loading_type_label,Тип загрузки,Yuklash turi,Loading Type
loading_type_placeholder,Тип загрузки,Yuklash turi,Loading Type
loading_full_truck,Отдельной машиной,To'liq yuk mashinasi,Full Truck Load
loading_partial,Попутно,Qisman yuk,Partial Load
cargo_type_label,Тип груза,Yuk turi,Cargo Type
unloading_type_label,Тип разгрузки,Tushirish turi,Unloading Type
unloading_type_placeholder,Тип разгрузки,Tushirish turi,Unloading Type
volume_label,Объем,Hajm,Volume
volume_placeholder,Объем,Hajm,Volume
adr_label,ADR,ADR,ADR
select_adr,Выберите ADR,ADR tanlang,Select ADR
permissions_label,Разрешения,Ruxsatnomalar,Permits
tir_permit,ТИР,TIR,TIR
cmr_permit,СМР,CMR,CMR
map_view,Карта,Xarita,Map
medical_card,Мед. карта,Tibbiy guvohnoma,Medical Card
types_label,Типы,Turlar,Types
absent_filter,Отсутв,Yo'q,Absent
presence_required,Присутствие действие,Mavjudligi talab qilinadi,Presence Required
trailer_count_label,Ремней,Tirkama soni,Trailer Count
dimensions_label,Габариты,O'lchamlar,Dimensions
length_label,Длина,Uzunlik,Length
width_label,Ширина,Kenglik,Width
height_label,Высота,Balandlik,Height
clear_button,Очистить,Tozalash,Clear
apply_button,Применить,Qo'llash,Apply
welcome_message,Добро пожаловать,Xush kelibsiz,Welcome
search_start_button,Начать поиск,Qidiruvni boshlash,Start Search
hide_button,Убрать,Yashirish,Hide
average_price_route,Средняя цена по маршруту,O'rtacha narx yo'nalish bo'yicha,Average Price Per Route
cargo_tab,Грузы,Yuklar,Cargo
trucks_tab,Транспорт,Transportlar,Transports
cargo_info_title,Информация о грузе,Yuk haqida ma'lumot,Cargo Information
truck_info_title,Информация о грузовике,Yuk mashinasi haqida ma'lumot,Truck Information
vat_exclusive,VAT EXLUSIVE,QQS hisobga olinmagan,VAT EXCLUSIVE
free_road_label,Бесплатная дорога,Bepul yo'l,Free Road
paid_road_label,Платная дорога,Pullik yo'l,Paid Road
cargo_direction_label,Направление груза,Yuk yo'nalishi,Cargo Direction
truck_direction_label,Направление,Yo'nalish,Direction
cargo_info_section,Информация о грузе,Yuk haqida ma'lumot,Cargo Information
cargo_type_info,Тип груза,Yuk turi,Cargo Type
cargo_weight_info,Вес груза,Yuk og'irligi,Cargo Weight
price_per_km,Цена (за км),Narx (km uchun),Price (per km)
transport_requirements,Требования к транспортировке,Transport talablari,Transportation Requirements
body_type_info,Кузов,Kuzov,Body Type
loading_info,Загрузка,Yuklash,Loading
rate_payment,Ставка и оплата,Stavka va to'lov,Rate and Payment
rate_info,Ставка,Stavka,Rate
other_info,Другие информации,Boshqa ma'lumotlar,Other Information
truck_type_info,Тип кузова,Yuk mashinasi turi,Truck Type
machine_type,Тип машины,Mashina turi,Machine Type
loading_type_info,Тип загрузки,Yuklash turi,Loading Type
load_capacity,Грузоподъемность,Yuk ko'tarish qobiliyati,Load Capacity
loading_method,Загрузки,Yuklash usuli,Loading Method
volume_info,Объем,Hajm,Volume
permits_section,Разрешения,Ruxsatnomalar,Permits
medical_certificate,Медкнижка,Tibbiy guvohnoma,Medical Certificate
cmr_document,CMR,CMR,CMR
adr_class,ADR Класс,ADR Klass,ADR Class
rate_payment_section,Ставка и оплата,Stavka va to'lov,Rate and Payment
total_amount,Общее,Jami,Total
distance_info,Дистанция,Masofa,Distance
price_per_km_info,$/км,Narx/km,Price/km
payment_info,Оплата,To'lov,Payment
cash_payment,Наличными,Naqd pul,Cash
other_info_section,Другие информации,Boshqa ma'lumotlar,Other Information
ready_for_loading,Готов к загрузке,Yuklashga tayyor,Ready for Loading
days_count,дней,kun,days
wood_materials,Древесные материалы,Yog'och materiallari,Wood Materials
tent_covered,Тентованный,Tentovanniy,Tent Covered
full_truck_loading,Отдельной машиной (FTL),Alohida mashina (FTL),Full Truck Load (FTL)
request_quote,Запрос,So'rov,Request Quote
semi_trailer,Полуприцеп,Yarim tirkama,Semi-trailer
rear_loading,Задняя,Orqadan yuklash,Rear Loading
tons_unit,т,t,t
add_title,Добавить,Qo'shish,Add
add_truck_title,Добавить машину,Mashina qo'shish,Add Truck
cargo_tab,Грузы,Yuklar,Cargo
trucks_tab,Грузовики,Yuk mashinalari,Trucks
select_transport,Выберите транспорт,Transport tanlang,Select Transport
select_option,Выбрать,Tanlang,Select
add_truck_button,Добавить грузовик,Yuk mashinasi qo'shish,Add Truck
route_label,Маршрут,Marshrut,Route
loading_point,Загрузка,Yuklash,Loading
loading_radius,Радиус загрузки,Yuklash radiusi,Loading Radius
km_unit,Км,Km,Km
unloading_point,Разгрузка,Tushirish,Unloading
unloading_radius,Радиус разгрузки,Tushirish radiusi,Unloading Radius
route_section,Маршрут,Marshrut,Route
ready_for_loading_today,Готов к загрузке с сегодняшнего,Bugun yuklashga tayyor,Ready for loading from today
from_today,С того дня,Bugundan,From today
date_label,Дата,Sana,Date
waiting_days,Дни ожидания,Kutish kunlari,Waiting Days
back_button,Назад,Orqaga,Back
next_button,Следующий,Keyingi,Next
truck_license_number,Гос. номер автомобиля,Avtomobil davlat raqami,Vehicle License Number
license_placeholder,Гос. номер автомобиля,Avtomobil raqamini kiriting,Enter vehicle license number
body_type_section,Кузов,Kuzov,Body Type
select_body_type,Выберите тип кузова,Kuzov turini tanlang,Select Body Type
semi_trailer_option,Полуприцеп,Fura,Semi-truck
truck_option,Грузовик,Yuk mashinasi,Truck
stage_option,Сцепка,Sahna,Stage
loading_unloading_type,Тип загрузки / Выгрузки,Yuklash / Tushirish turi,Loading / Unloading Type
select_loading_type,Выберите тип загрузки,Yuklash turini tanlang,Select Loading Type
rear_option,Догруз,Orqadan,Rear
hydraulic_option,Гидролифт,Gidrolift,Hydraulic
side_option,Юбочки,Yondan,Side
load_capacity_label,Грузоподъемность,Yuk ko'tarish qobiliyati,Load Capacity
trailer_volume,Объем прицепа,Tirkama hajmi,Trailer Volume
dimensions_section,Габариты,Gabaritlar,Dimensions
length_dimension,Длина,Uzunlik,Length
width_dimension,Ширина,Kenglik,Width
height_dimension,Высота,Balandlik,Height
meter_unit,м,m,m
additional_data,Дополнительные данные,Qo'shimcha ma'lumotlar,Additional Data
select_permits,Выберите разрешения,Ruxsatnoma tanlang,Select Permits
select_adr_option,Выберите ADR,ADR tanlang,Select ADR
save_button,Сохранить,Saqlash,Save
payment_label,Оплата,To'lov,Payment
min_rate,Мин. ставка,Minimal stavka,Min. Rate
possible_bargain,Возможен торг,Kelishish mumkin,Negotiable
usd_currency,USD,USD,USD
uzs_currency,UZS,UZS,UZS
rub_currency,RUB,RUB,RUB
payment_type_label,Тип оплаты,To'lov turi,Payment Type
bank_transfer,Банковский перевод,Bank o'tkazmasi,Bank Transfer
nds_option,НДС,QQS,VAT
card_payment,Оплата картой,Karta to'lovi,Card Payment
cash_payment_option,Наличные,Naqd pul,Cash
notes_label,Примечание,Izohlar,Notes
notes_placeholder,Введите примечание,Izoh kiriting,Enter notes
publish_button,Опубликовать,Nashr qilish,Publish
contact_center_title,Kontakt markazi,Контактный центр,Contact Center
phone_number_label,Telefon raqami,Телефон номер,Phone number
instagram_label,Instagram,Instagram,Instagram
facebook_label,Facebook,Facebook,Facebook
profile_title,Профиль,Profil,Profile
my_garage,Мой гараж,Mening garajim,My garage
my_trips,Мои путешествия,Sayohatlarim,My trips
settings,Настройки,Sozlamalar,Settings
my_cargo,Мои грузы,Yuklarim,My cargo
language,Язык,Til,Language
contact_center,Контактный центр,Kontakt markazi,Contact center
from_hint,Откуда,Qayerdan,From
to_hint,Куда,Qayerga,To
when_hint,Когда,Qachon,When
my_updates,Мои объявления,Mening e'lonlarim,My ads
email_or_phone_label,Почта или номер телефона,Elektron pochta yoki telefon raqami,Email or phone number
invalid_phone_format,Телефон указан в неправильном формате.,Telefon noto‘g‘ri formatda kiritilgan.,Phone number is in an invalid format.
invalid_input_format,Ввод имеет неправильный формат.,Kiritilgan ma’lumot noto‘g‘ri formatda.,Input has an invalid format.
reset_password_instructions,,Parolni tiklash uchun ro‘yxatdan o‘tgan elektron pochta manzilingizni yoki telefon raqamingizni kiritin.,Enter the registered email address or phone number to reset your password.
generic_invalid_format,Неправильный формат ввода,Noto‘g‘ri formatdagi kiritish,Invalid input format
password_min_length,Пароль должен содержать не менее 6 символов,Parol kamida 6 belgidan iborat bo‘lishi kerak,Password must be at least 6 characters long.
invalid_credentials,Неверный логин или пароль,Login yoki parol noto‘g‘ri.,Invalid login or password.
full_name_abbr,Ф.И.О,F.I.Sh.,Full Name (abbr.)
sms_code_sent_phone,Мы отправили 6-значный код на ваш номер телефона,Sizning telefon raqamingizga 6 xonali kod yubordik.,We’ve sent a 6-digit code to your phone number.
postal_address_label,почтовый адрес,pochta manzili,postal address
ftl_or_ltl_label,FTL или догруз (LTL),FTL yoki LTL,FTL or LTL
dimensions_dwh,Габариты (Д х Ш х В),Gabaritlar (U x E x B),Dimensions (L × W × H)
payment_cash,Наличные,Naqd pul,Cash
payment_credit_card,Кредитная карта,Kredit karta,Credit Card
payment_with_vat,С НДС,QQS bilan,VAT Included
payment_bank_transfer,Банковский перевод,Bank o'tkazmasi,Bank Transfer
payment_unknown,Неизвестно,Nomalum,Unknown
chat_section_unavailable,Чат-раздел пока не запущен,Chat bo‘limi hozircha ishga tushirilmagan.,Chat section is not yet launched.
chat_section_future_updates,Этот раздел будет доступен в следующих обновлениях.,Ushbu bo‘lim keyingi yangilanishlarda mavjud bo‘ladi.,This section will be available in future updates.
logout_title,Выйти,Chiqish,Log out
logout_confirmation,Вы действительно хотите выйти?,Haqiqatan ham chiqmoqchimisiz?,Are you sure you want to log out?
filter_all,Все,Barchasi,All
filter_in_transit,В пути,Yo‘lda,In transit
filter_customs,Таможня,Bojxona,Customs
filter_delivered,Доставлено,Yetkazib berildi,Delivered
new_status,Новый,Yangi,New
when_start,Когда начинаем,Qachon boshlaymiz,When we start
field_error,Поле не должно быть пустым,Maydonni to'ldiring,Field cannot be empty
trck_cargo,Маршрут и груз,Transport va yuk,Cargo and truck
count_transports,Количество машин,Mashinalar soni,Count of transports
vehicle_count,Кол-во машин,Mashinalar soni,Number of vehicles
straps,Ремней,Kamarlari,Straps
coupling_only,Сцепка,Ulanma,Coupling
pneumatic_drive,Пневмопривод,Pnevmodrayver,Pneumatic drive
stakes,Коники,Qoniqlar,Stakes (support posts)
prepayment,Передоплата,Oldindan to‘lov,Prepayment
payment_on_unloading,Оплата на выгрузке,Tushirishda to‘lov,Payment on unloading
payment_after_x_days,Оплата через х банковских дней,x bank kunidan so‘ng to‘lov,Payment after x banking days
banking_days,Банковских дней,Bank ish kunlari,Banking days
ready_to_load_plus_2,Готова к загрузке с сегодняшнего +2 дня,Yuklashga +2 kundan tayyor,Ready to load from today +2 days
sms_code_sent_email,Мы отправили 6-значный код на вашу электронную почту,Biz sizning elektron pochtangizga 6 xonali kod yubordik,We have sent a 6-digit code to your email
description,Комментарии владельца,Egasining fikri,Owner comment
car_description,Государственный номер автомобиля,Avtomobil davlat raqami,Vehicle license plate
select_volume_tr,Введите объем груза,Yuk hajmini tanlang,Select cargo volume
trailer,Полуприцеп,Yarim tirkama,Semi-trailer
truck,Грузовик,Yuk mashinasi,Truck
coupling,Сцепка,Avtopoyezd,Auto-train
partial_load,Догруз,Qisman yuk,Partial load
hydraulic_lift,Гидролифт,Gidrolift,Hydraulic lift
stanchions,Коники,Qoniqlar,Stanchions
no_title,Нет,Yo'q,No
user_already_exists,Пользователь с такими учетными данными уже существует,Bunday foydalanuvchi allaqachon mavjud,A user with these credentials already exists
user_not_found,Пользователь с такими учетными данными не найден,Bunday foydalanuvchi topilmadi,A user with these credentials was not found
confirmation_code,Ваш код подтверждения:,Sizning tasdiqlash kodingiz:,Your confirmation code:
invalid_code,Неверный код подтверждения,Noto'g'ri tasdiqlash kodi,Incorrect code confirmation
not_found,Ничего не найдено,Hech narsa topilmadi,Nothing found
unavaialble,Hедоступно,Mavjud emas,Unavailable
check_internet_connection,Проверьте подключение к интернету!,Internetga ulanishni tekshiring!,Check your internet connection!
server_not_responding_or_timeout,Сервер не отвечает или отвечает слишком долго. Попробуйте позже.,Server javob bermayapti yoki juda sekin javob bermoqda. Keyinroq urinib ko‘ring.,Server is not responding or taking too long. Try again later.
server_error_try_later,На сервере произошла ошибка. Попробуйте позже.,Serverda xatolik yuz berdi. Keyinroq urinib ko‘ring.,A server error occurred. Try again later.
unknown_error,Произошла ошибка,"Nimadir xato ketdi, keyinroq urinib ko'ring",Something went wrong
negotiatable,Торг уместен,Savdolashiladi,Bargaining is appropriate
unnegotiable,Торг не уместен,Savdolashilmaydi,Bargaining is not appropriate
select_body_type_error,"Пожалуйста, выберите тип кузова",Kuzov turini tanlang,Please select body type
select_loading_type_error,"Пожалуйста, выберите тип загрузки",Yuklash turini tanlang,Please select loading type
select_unloading_type_error,"Пожалуйста, выберите тип выгрузки",Tushirish turini tanlang,Please select unloading type
edit_title,Изменить,Tahrirlash,Update
invalid_number,Неверный формат,Noto'g'ri format,Invalid format
delete_load_title,Вы действительно хотите удалить эту загрузку?,Siz rostdan ham bu yukni o‘chirib tashlamoqchimisiz?,Are you sure you want to delete this load?
delete_truck_title,Вы действительно хотите удалить этот грузовик?,Siz rostdan ham bu yuk mashinasini o‘chirib tashlamoqchimisiz?,Are you sure you want to delete this truck?
cancel_button,Отменить,Bekor qilish,Cancel
delete_button,Удалить,O‘chirish,Delete
cannot_be_undone,Это действие не может быть отменено.,Bu harakatni tiklab bo'lmaydi,This action cannot be undone
select_language,Выберите язык,Tilni tanlang,Select language
without_nds,Без НДС,QQS siz,VAT Not Included
notification_title,Уведомления,Xabarnomalar,Notifcations
duplicate_title,Дубликат,Duplikat,Duplicate
telegram_channel,Telegram канал,Telegram kanali,Telegram channel
tiktok,TikTok,TikTok,TikTok
youtube,YouTube,YouTube,YouTube
delete_transport_title,"Вы уверены, что хотите удалить этот транспорт?",Siz rostan ham bu transportni o'chirishni xohlaysizmi?,You really want to delete this transport?
select_currency,Выберите валюту,Valyutani tanlang,Select currency
payment_term,Уcловия оплаты,To'lov shartlari,Payent terms
sort_title,Выберите тип сортировок,Saralash turini tanlang,Choose sort type
sort_distance,По удаленности,Masofa bo‘yicha,By distance
sort_price,Стоимость,Narxi,Price
sort_price_per_km,Стоимость за KM,KM uchun narxi,Price per KM
sort_rating,По рейтингу,Reyting bo‘yicha,By rating
sort_upload_date,Дата загрузки,Yuklash sanasi bo‘yicha,By upload date
plate_number,Гос. Номер,Davlat raqami,Plate number
kg_unit,Кг,Kg,Kg
not_clear_yet,Пока не ясно,Hali aniq emas,Not clear yet
downloads,Загрузки,Yuklashlar,Downloads
day_title,день,kun,days
valid_number_error,"Пожалуйста, введите правильное число","Iltimos, to‘g‘ri raqam kiriting",Please enter a valid number
min_amount_error,Минимальная сумма {currency} – {min},Minimal miqdor {currency} – {min},Minimum amount for {currency} is {min}
max_amount_error,Максимальная сумма {currency} – {max},Maksimal miqdor {currency} – {max},Maximum amount for {currency} is {max}
currency_range_hint,Диапазон: {min} - {max} {code},Oralig‘i: {min} - {max} {code},Range: {min} - {max} {code}
currency_min_hint,Минимум: {min} {code},Minimum: {min} {code},Minimum: {min} {code}
currency_max_hint,Максимум: {max} {code},Maximum: {max} {code},Maximum: {max} {code}
request_price,Запросить цену,Narxni so‘rash,Request price
applications,Заявки,Arizalar,Applications
request,Запросить,So‘rash,Request
truck_question,На каком грузовике вы собираетесь везти груз?,Qaysi yuk mashinasida yukni tashimoqchisiz?,Which truck are you going to use to transport the cargo?
cargo_question,Какой груз вы планируете перевозить на этом грузовике?,Ushbu yuk mashinasida qanday yuk tashimoqchisiz?,What cargo are you planning to transport on this truck?
proposal_sent,Ваше предложение отправлено!,Taklifingiz yuborildi!,Your proposal has been sent!
leave_request,"Оставьте запрос, и мы отправим вам точную стоимость.","So‘rov qoldiring, biz sizga aniq narxni yuboramiz.",Leave a request and we will send you the exact price.
price_on_request,Цена по запросу,So‘rov bo‘yicha narx,Price on request
fixed_price,Фиксированная цена,Belgilangan narx,Fixed price
negotiable_price,Оговариваемая цена,Kelishiladigan narx,Negotiable price
leave_application,Оставить заявку,Ariza qoldirish,Leave an application
select_delivery_date,Выберите дату подачи машины,Mashina yetkaziladigan sanani tanlang,Select delivery date
suggest_price,Предложите цену,Narx taklif qiling,Suggest a price
bid,Ставка,Taklif,Bid
send,Отправть,Yuborish,Send
make_counter_offer,Сделать предложение,Narx taklif qilish,Make an offer
accept_price,Принять цену,Narxni qabul qilish,Accept the price
negotiable_price,Оговариваемая цена,Kelishiladigan narx,Negotiable price
select,Выбрать,Tanlash,Select
reject,Отклонить,Rad etish,Reject
approve,Одобрить,Maqbullashtirish,Approve
provide_price,Предоставить цену,Narxni taqdim etish,Provide a price
requester,Запрашивающий,So‘rov yuboruvchi,Requester
request_received_date,Дата получения запроса,So‘rov olingan sana,Request received date
truck_ready_date,Дата готовности машины,Mashina tayyor bo‘lish sanasi,Truck readiness date
incoming_requests,Поступившие запросы,Kelgan so‘rovlar,Incoming requests
bid_title,Заявка,Taklif,Bid
through_banking,Через {banking_days} банковских дня,{banking_days} bank ish kunida,Through {banking_days} banking days
connect_with,Связаться,Bog'lanish,Contact 
server_502_error,Сервер временно недоступен (502). Попробуйте позже.,"Server vaqtincha mavjud emas (502). Iltimos, keyinroq urinib ko‘ring.",Server is temporarily unavailable (502). Please try again later.
connection_timeout,Время ожидания соединения истекло. Проверьте интернет.,"Ulanish vaqti tugadi. Iltimos, internetingizni tekshiring.",Connection timed out. Please check your internet connection.
connection_error,Нет подключения к интернету. Попробуйте снова.,"Internetga ulanish yo‘q. Iltimos, qayta urinib ko‘ring.",No internet connection. Please try again.
unexpected_error,Произошла непредвиденная ошибка. Попробуйте снова.,"Kutilmagan xatolik yuz berdi. Iltimos, qayta urinib ko‘ring.",Unexpected error occurred. Please try again.
generic_error,Что-то пошло не так. Попробуйте снова.,"Nimadir noto‘g‘ri ketdi. Iltimos, qayta urinib ko‘ring.",Something went wrong. Please try again.
sort,Сортировать,Saralash,Sort
close,Закрыть,Yopish,Close
chats,Чаты,Chatlar,Chats
message,Сообщение,Xabar,Message
search,Поиск,Izlash,Search
status,Статус,Status,Status
booking_requested,Бронирование было запрошено,Buyurtma so‘rovi yuborildi,Booking was requested
price_requested,Цена была запрошена,Narx so‘rovi yuborildi,Price was requested
booking_accepted,Бронирование было принято,Buyurtma qabul qilindi,Booking was accepted
booking_rejected,Бронирование было отклонено,Buyurtma rad etildi,Booking was rejected
accepted,Принято,Qabul qilindi,Accepted
rejected,Отклонено,Rad etildi,Rejected
owner_post,Владелец поста,Post muallifi,Post owner
view_chat,Просмотреть чат,Chatni ko'rish,View chat
you_offered,Вы предложили,Siz taklif qildingiz,You offered
to_you_offered,Вам предложили,Sizga taklif qilindi,You were offered
booked,Забронировано,Band qilingan,Booked
truck_new_tab,Транспорт,Transport,Transport
no_loads,"Вы еще не добавили груз. Пожалуйста, добавьте груз, чтобы оставить заявку.","Siz hali yuk qo‘shmagansiz. Iltimos, ariza yuborish uchun yuk qo‘shing.",You have not added any loads yet. Please add a load to leave a request.
no_transports,"Вы еще не добавили транспорт. Пожалуйста, добавьте транспорт, чтобы оставить заявку.","Siz hali transport qo‘shmagansiz. Iltimos, ariza yuborish uchun transport qo‘shing.",You have not added any transports yet. Please add a transport to leave a request.
input_car_desc,Введите номер автомобиля,Avtomobil davlat raqamini kiriting,Enter car license plate
volume_unit,м³,m³,m³
session_expired,"Учетная запись пользователя удалена, пожалуйста, войдите снова!",Foydalanuvchi akkounti o'chirilgan qayta login qiling!,"User account has been deleted, please log in again!"
hello,Привет,Salom,Hello
all_categories,Все категории,Barcha kategoriyalar,All Categories
newly_added_classes,Новые классы,Yangi qo'shilgan sinflar,Newly Added Classes
near_you,Рядом с вами,Sizga yaqin,Near You
my_children,Мои дети,Bolalarim,My children
no_children_yet,Детей пока нет,Hali bolalar yo'q,No children yet
add_first_child,Добавьте первого ребёнка,Birinchi bolani qo'shing,Add your first child to get started
add_child,Добавить ребёнка,Bola qo'shish,Add child
free_trials,бесплатных занятий,bepul darslar,free trials
update_photo,Обновить фото,Rasmni yangilash,Update photo
update_child,Обновить ребёнка,Bolani yangilash,Update child
add_photo,Добавить фото,Rasm qo'shish,Add photo
child_info,Информация о ребёнке,Bola haqida,Child Info
photo,Фото,Rasm,Photo
first_name,Имя,Ism,First Name
last_name,Фамилия,Familiya,Last Name
enter_first_name,Введите имя,Ismni kiriting,Enter first name
enter_last_name,Введите фамилию,Familiyani kiriting,Enter last name
date_of_birth,Дата рождения,Tug'ilgan sana,Date of Birth
select_dob,Выберите дату рождения,Tug'ilgan sanani tanlang,Select date of birth
gender,Пол,Jinsi,Gender
male,Мужской,Erkak,Male
female,Женский,Ayol,Female
cancel,Отмена,Bekor qilish,Cancel
next,Далее,Keyingi,Next
gallery,Галерея,Galereya,Gallery
camera,Камера,Kamera,Camera
upload_photo,Загрузить фото,Rasm yuklash,Upload Photo
keep_current_photo,Оставить текущее фото,Hozirgi rasmni saqlash,Keep current photo
change_photo,Изменить фото,Rasmni o'zgartirish,Change photo
tap_to_add,Нажмите для добавления,Qo'shish uchun bosing,Tap to add
field_required,{} обязательно,{} majburiy,{} is required
max_50_chars,{} не более 50 символов,{} 50 belgidan oshmasligi kerak,{} must be 50 characters or less
dob_required,Дата рождения обязательна,Tug'ilgan sana majburiy,Date of birth is required
date_future_error,Дата не может быть в будущем,Sana kelajakda bo'lishi mumkin emas,Date cannot be in the future
child_max_age,Ребёнку должно быть не более 16 лет,Bola 16 yoshdan katta bo'lmasligi kerak,Child must be 16 years old or younger
invalid_birth_date,Некорректная дата рождения,Noto'g'ri tug'ilgan sana,Invalid birth date
select_child,Выберите ребёнка,Bolani tanlang,Select Child
could_not_check_eligibility,Не удалось проверить доступность,Muvofiqlikni tekshirib bo'lmadi,Could not check eligibility
your_balance,ВАШ БАЛАНС,BALANSINGIZ,YOUR BALANCE
no_coins_warning,"У вас нет монет. Купите, чтобы забронировать!",Sizda tangalar yo'q. Bron qilish uchun sotib oling!,"You have no coins. Purchase to book!"
low_balance_warning,Баланс низкий. Некоторые занятия могут стоить дороже.,Balans kam. Ba'zi darslar qimmatroq bo'lishi mumkin.,Low balance. Some classes may cost more.
trial_lessons,Пробные занятия,Sinov darslari,Trial Lessons
earn_trials,Зарабатывайте пробные уроки тратя монеты,Tangalar sarflab sinov darslarini oling,Earn trial lessons by spending coins
total_remaining_trials,Всего оставшихся пробных,Jami qolgan sinov darslari,Total Remaining Trials
spend_coins_unlock,"Потратьте {} монет, чтобы открыть {} пробных уроков",{} tanga sarflab {} sinov darsini oching,"Spend {} coins to unlock {} trial lessons"
choose_your_child,Выберите вашего ребёнка,Bolangizni tanlang,Choose your child
no_children_add_first,Дети не найдены. Сначала добавьте ребёнка.,Bolalar topilmadi. Avval bola qo'shing.,No children found. Add a child first.
not_enough_coins,"Монет недостаточно. Купите в один клик!","Tangalar yetarli emas. Bir bosishda sotib oling!","You don't have enough coins. Purchase in one click!"
expected_charge,Ожидаемый расход,Kutilayotgan summa,Expected Charge
uses_trial_price,Используется цена пробного урока,Sinov narxidan foydalaniladi,This booking uses trial price
uses_full_price,Используется полная цена,To'liq narxdan foydalaniladi,This booking uses full price
unlock_progress,Прогресс открытия,Ochish jarayoni,Unlock Progress
coins_to_next_unlock,{} монет до следующего открытия,Keyingi ochishgacha {} tanga,{} coins to next unlock
insufficient_balance,Недостаточно средств для этого ребёнка,Bu bola uchun balans yetarli emas,Insufficient balance for this child
get_a_ticket,Получить билет,Chipta olish,Get a Ticket
uses_trial,Цена пробного,Sinov narxi,Uses trial price
uses_full,Полная цена,To'liq narx,Uses full price
insufficient,Недостаточно средств,Balans yetarli emas,Insufficient balance
seats_left,{} мест осталось,{} joy qoldi,{} seats left
booked,Забронировано,Band qilingan,Booked
full,Заполнено,To'lgan,Full
na,Н/Д,Mavjud emas,N/A
no_slots_for_date,Нет слотов на эту дату,Bu sanada joy yo'q,No slots for this date
booking_loading,Бронирование...,Bron qilinmoqda...,Booking...
book,ЗАБРОНИРОВАТЬ,BRON QILISH,BOOK
explore,Обзор,Qidirish,Explore
search,Поиск,Qidirish,Search
classes,Классы,Sinflar,Classes
centers,Центры,Markazlar,Centers
categories,Категории,Kategoriyalar,Categories
pick_category,Выберите категорию,Kategoriyani tanlang,Pick Category
clear,Очистить,Tozalash,Clear
open_branch,Открыть филиал,Filialni ochish,Open Branch
location_not_specified,Местоположение не указано,Joylashuv ko'rsatilmagan,Location not specified
centers_on_map,Центры на карте,Markazlar xaritada,Centers on Map
no_centers_location,Нет центров с данными о местоположении,Joylashuv ma'lumotlari bo'lgan markazlar yo'q,No centers with location data
today,Сегодня,Bugun,Today
tomorrow,Завтра,Ertaga,Tomorrow
this_week,На этой неделе,Shu hafta,This week
custom,Другое,Boshqa,Custom
boys,Мальчики,O'g'il bolalar,Boys
girls,Девочки,Qiz bolalar,Girls
refund,Возврат,Qaytarish,Refund
get_started,Начать,Boshlash,Get Started
booked_classes_appear_here,Забронированные занятия появятся здесь,Bron qilingan darslar bu yerda ko'rinadi,Booked classes will appear here
tab_home,Главная,Bosh sahifa,Home
tab_calendar,Расписание,Jadval,Schedule
tab_explore,Обзор,Qidirish,Explore
tab_wallet,Кошелёк,Hamyon,Wallet
tab_profile,Профиль,Profil,Profile
schedule_title,Расписание,Jadval,Schedule
wallet_title,Кошелёк,Hamyon,Wallet
your_balance_label,Ваш баланс,Balansingiz,Your Balance
choose_top_up,Выберите для пополнения,To'ldirish uchun tanlang,Choose to top up
transaction_history,История транзакций,Tranzaksiyalar tarixi,Transaction History
no_transactions,Транзакций пока нет,Hali tranzaksiyalar yo'q,No transactions yet
incoming,Пополнение,Kirim,Incoming
withdraw,Списание,Chiqim,Withdraw
my_account,Мой аккаунт,Mening akkauntim,My Account
account_info,Информация аккаунта,Akkaunt ma'lumotlari,Account Information
change_account_info,Измените данные аккаунта,Akkaunt ma'lumotlarini o'zgartiring,Change your account information
your_children,Ваши дети,Bolalaringiz,Your children
change_children_info,Измените данные о детях,Bolalar ma'lumotlarini o'zgartiring,Change your children information
attendance_history,История посещений,Davomat tarixi,Attendance history
view_attendance,Просмотр посещений,Davomatni ko'rish,View your attendance
faq,Часто задаваемые вопросы,Ko'p so'raladigan savollar,FAQ
faq_subtitle,Найдите ответ на все вопросы,Barcha savollaringizga javob toping,Find an answer to all your questions
faq_q1,Что такое Lumi?,Lumi nima?,What is Lumi?
faq_a1,"Lumi — это цифровая экосистема, которая объединяет все возможности для интеллектуального, творческого и физического развития вашего ребёнка. С помощью одного приложения родители могут находить и записываться на занятия в проверенных центрах — от спорта и искусства до языков и программирования.","Lumi — bu bolangizning intellektual, ijodiy va jismoniy rivojlanishi uchun barcha imkoniyatlarni birlashtiruvchi raqamli ekotizim. Bitta ilova orqali ota-onalar ishonchli markazlardagi mashg'ulotlarni topishi va yozilishi mumkin — sportdan san'atgacha, tillardan dasturlashgacha.","Lumi is a digital ecosystem that brings together all the opportunities for your child's intellectual, creative, and physical development. With one app, parents can discover and book classes at trusted centers — from sports and art to languages and coding."
faq_q2,Как работает система подписки?,Obuna tizimi qanday ishlaydi?,How does the subscription system work?
faq_a2,"В Lumi нет ежемесячных или годовых обязательств. Вы просто покупаете пакет монет и тратите их только на те занятия, которые посещает ваш ребёнок. Каждое занятие имеет свою цену в монетах, и вы можете свободно комбинировать активности.","Lumida oylik yoki yillik majburiyatlar yo'q. Siz shunchaki tanga paketini sotib olasiz va tangalarni faqat bolangiz qatnashadigan mashg'ulotlarga sarflaysiz. Har bir mashg'ulotning tanga narxi bor va siz faoliyatlarni erkin aralashtirishingiz mumkin.","At Lumi, there are no monthly or yearly commitments. You simply buy a coin package and spend coins only on the classes your child attends. Each class has a coin price, and you can mix and match activities freely."
faq_q3,Срок действия пакетов монет?,Tanga paketlari qancha vaqt amal qiladi?,How long are coin packages valid?
faq_a3,"Монеты не имеют срока действия — вы можете использовать их в любое время. Нет необходимости торопиться с их тратой, планируйте в своём ритме.","Tangalar muddatsiz — ularni istalgan vaqtda ishlatishingiz mumkin. Ularni sarflashga shoshilish shart emas, o'z sur'atingizda rejalashtiring.","Coins never expire — you can use them anytime. There's no rush to spend them, so you can plan at your own pace."
faq_q4,Может ли мой ребёнок ходить только в один центр?,Bolam faqat bitta markazga bora oladimi?,Can my child attend just one center?
faq_a4,"Нет. Lumi даёт вам доступ к различным центрам и активностям. Ваш ребёнок может пробовать разные места, преподавателей и дисциплины — всё через одну платформу.","Yo'q. Lumi sizga turli markazlar va faoliyatlarga kirish imkonini beradi. Bolangiz turli joylar, o'qituvchilar va fanlarni sinab ko'rishi mumkin — barchasi bitta platforma orqali.","No. Lumi gives you access to a variety of centers and activities. Your child can try different places, teachers, and disciplines — all through the same platform."
faq_q5,Какие активности доступны в Lumi?,Lumida qanday mashg'ulotlar mavjud?,What activities are available at Lumi?
faq_a5,"Более 200 вариантов: танцы, спорт, IT, языки, искусство, шахматы, музыка, театр, мастер-классы и даже игровые зоны. Новые активности добавляются регулярно.","200 dan ortiq variant: raqs, sport, IT, tillar, san'at, shaxmat, musiqa, teatr, master-klasslar va hatto o'yin zonalari. Yangi mashg'ulotlar muntazam ravishda qo'shilmoqda.","Over 200 options: dance, sports, IT, languages, art, chess, music, drama, workshops, and even play zones. New activities are being added regularly."
faq_q6,Как забронировать занятие?,Mashg'ulotni qanday bron qilish mumkin?,How do I book a class?
faq_a6,"Скачайте приложение, отфильтруйте по интересам, возрасту или местоположению и забронируйте занятие за секунды.","Ilovani yuklab oling, qiziqish, yosh yoki joylashuv bo'yicha filtrlang va mashg'ulotni bir necha soniyada bron qiling.","Download the app, filter by interest, age, or location, and book an activity in seconds."
faq_q7,Как я могу быть уверен в качестве центров?,Markazlar sifatiga qanday ishonch hosil qilaman?,How can I trust the quality of the centers?
faq_a7,"Lumi сотрудничает только с проверенными центрами, рекомендованными родителями. Скоро в приложении появятся отзывы родителей, чтобы помочь вам делать ещё более обоснованный выбор.","Lumi faqat ota-onalar tomonidan tavsiya etilgan ishonchli markazlar bilan hamkorlik qiladi. Tez orada ilovada ota-onalar sharhlari paydo bo'ladi, bu sizga yanada asosli tanlov qilishga yordam beradi.","Lumi partners only with trusted centers recommended by parents. Soon, parent reviews will be available in the app to help you make even more informed choices."
faqs_title,Часто задаваемые вопросы,Ko'p so'raladigan savollar,FAQs
failed_to_pick_photo,Не удалось выбрать фото,Rasmni tanlab bo'lmadi,Failed to pick photo
log_out,Выйти,Chiqish,Log out
log_out_subtitle,Выйти из аккаунта,Akkauntdan chiqish,Log out from your account